{
  "code": 200,
  "data": [
    {
      "path": "/home/index",
      "name": "home",
      "component": "/home/index",
      "meta": {
        "icon": "Menu",
        "title": "Prompt 圈子",
        "isLink": "",
        "isHide": false,
        "isFull": false,
        "isAffix": false,
        "isKeepAlive": true,
        "badge": false,
        "isShowSide": true
      }
    },
    {
      "path": "/assembly/library/index",
      "name": "libraryIndex",
      "component": "/assembly/library/index",
      "meta": {
        "icon": "Notebook",
        "title": "收藏",
        "isLink": "",
        "isHide": false,
        "isFull": false,
        "isAffix": false,
        "isKeepAlive": true,
        "badge": true,
        "isShowSide": true
      }
    }
  ],
  "msg": "成功"
}
