{
  "code": 200,
  "data": [
    {
      "path": "/home/index",
      "name": "home",
      "component": "/home/index",
      "meta": {
        "icon": "",
        "title": "Prompt圈子",
        "isLink": "",
        "isHide": false,
        "isFull": false,
        "isAffix": true,
        "isKeepAlive": true,
        "badge": false,
        "isShowSide": true
      }
    },
    {
      "path": "/promptLibrary",
      "name": "promptLibrary",
      "component": "/promptLibrary/index",
      "meta": {
        "icon": "",
        "title": "Prompt库",
        "isLink": "",
        "isHide": false,
        "isFull": false,
        "isAffix": true,
        "isKeepAlive": true,
        "badge": false,
        "isShowSide": true
      }
    },
    {
      "path": "/versionTool",
      "name": "versionTool",
      "component": "/versionTool/index",
      "meta": {
        "icon": "",
        "title": "版本对比工具",
        "isLink": "",
        "isHide": false,
        "isFull": false,
        "isAffix": true,
        "isKeepAlive": true,
        "badge": false,
        "isShowSide": false
      }
    },
    {
      "path": "/about/index",
      "name": "about",
      "component": "/about/index",
      "meta": {
        "icon": "",
        "title": "关于We Prompt",
        "isLink": "",
        "isHide": false,
        "isFull": false,
        "isAffix": false,
        "isKeepAlive": true,
        "badge": false,
        "isShowSide": false
      }
    },
    {
      "path": "/assembly",
      "name": "assembly",
      "redirect": "/assembly/guide",
      "meta": {
        "icon": "Briefcase",
        "title": "常用组件",
        "isLink": "",
        "isHide": true,
        "isFull": false,
        "isAffix": false,
        "isKeepAlive": true,
        "badge": false,
        "isShowSide": true
      },
      "children": [
        {
          "path": "/assembly/tabs/detail",
          "name": "tabsDetail",
          "component": "/assembly/tabs/detail",
          "meta": {
            "icon": "Menu",
            "title": "Tab 详情",
            "activeMenu": "/assembly/tabs",
            "isLink": "",
            "isHide": true,
            "isFull": false,
            "isAffix": false,
            "isKeepAlive": true,
            "badge": false,
            "isShowSide": true
          }
        },
        {
          "path": "/assembly/library/personage",
          "name": "personage",
          "component": "/assembly/library/personage/personage",
          "meta": {
            "icon": "Menu",
            "title": "详情",
            "activeMenu": "/assembly/personage",
            "isLink": "",
            "isHide": true,
            "isFull": false,
            "isAffix": false,
            "isKeepAlive": true,
            "badge": false,
            "isShowSide": true
          }
        },
        {
          "path": "/assembly/library/index",
          "name": "libraryIndex",
          "component": "/assembly/library/index",
          "meta": {
            "icon": "Menu",
            "title": "Tab 详情",
            "activeMenu": "/assembly/libraryIndex",
            "isLink": "",
            "isHide": true,
            "isFull": false,
            "isAffix": false,
            "isKeepAlive": true,
            "badge": false,
            "isShowSide": true
          }
        }
      ]
    },
    {
      "path": "/userInfo/index",
      "name": "userInfo",
      "component": "/userInfo/index",
      "meta": {
        "icon": "",
        "title": "关于We Prompt",
        "isLink": "",
        "isHide": true,
        "isFull": false,
        "isAffix": false,
        "isKeepAlive": true,
        "badge": false,
        "isShowSide": false
      }
    },
    {
      "path": "/globalSearch/index",
      "name": "globalSearch",
      "component": "/globalSearch/index",
      "meta": {
        "icon": "",
        "title": "搜索",
        "isLink": "",
        "isHide": true,
        "isFull": false,
        "isAffix": false,
        "isKeepAlive": true,
        "badge": false,
        "isShowSide": false
      }
    },
    {
      "path": "/editDynamic/index",
      "name": "editDynamic",
      "component": "/editDynamic/index",
      "meta": {
        "icon": "",
        "title": "编辑动态",
        "isLink": "",
        "isHide": true,
        "isFull": false,
        "isAffix": false,
        "isKeepAlive": true,
        "badge": false,
        "isShowSide": true
      }
    },
    {
      "path": "/autoPicture/index",
      "name": "autoPicture",
      "component": "/autoPicture/index",
      "meta": {
        "icon": "",
        "title": "图片下载",
        "isLink": "",
        "isHide": true,
        "isFull": false,
        "isAffix": false,
        "isKeepAlive": true,
        "badge": false,
        "isShowSide": true
      }
    },
    {
      "path": "/PromptShowList/index",
      "name": "PromptShowList",
      "component": "/PromptShowList/index",
      "meta": {
        "icon": "",
        "title": "提示词列表",
        "isLink": "",
        "isHide": true,
        "isFull": false,
        "isAffix": false,
        "isKeepAlive": true,
        "badge": false,
        "isShowSide": true
      }
    }
  ],
  "msg": "成功"
}
