{
  "code": 200,
  "data": [
    {
      "id": "0",
      "name": "华东分部",
      "icon": "Tree1",
      "children": [
        {
          "id": "11",
          "name": "研发部"
        },
        {
          "id": "12",
          "name": "市场部"
        },
        {
          "id": "13",
          "name": "商务部"
        },
        {
          "id": "14",
          "name": "财务部"
        }
      ]
    },
    {
      "id": "0",
      "name": "华南分部",
      "icon": "",
      "children": [
        {
          "id": "21",
          "name": "研发部"
        },
        {
          "id": "22",
          "name": "市场部"
        },
        {
          "id": "23",
          "name": "商务部"
        },
        {
          "id": "24",
          "name": "财务部"
        }
      ]
    }
  ],
  "msg": "成功"
}
